{
    "asd": 0.800000011920929,
    "gooogle": 1.2000000476837158,
    "test": 0.800000011920929
}