{
    "fritzi": 0.4000000059604645,
    "hanno": 0.30000001192092896,
    "kai": 0.3499999940395355
}