{
    "test": -0.619999885559082,
    "test2": 2.0999999046325684
}