{
    "Paula": 0.5300000309944153,
    "test": 2.0299999713897705,
    "test2": 2.0999999046325684
}