{
    "hanno": 0.5199999809265137,
    "sophie": 0.8600000143051147
}